"customer_id","store_id","first_name","last_name","email","address_id","activebool","create_date","last_update","active"
578,2,"Willard","Lumpkin","willard.lumpkin@sakilacustomer.org",584,True,"2006-02-14","2013-05-26 14:49:45.738",1
115,1,"Wendy","Harrison","wendy.harrison@sakilacustomer.org",119,True,"2006-02-14","2013-05-26 14:49:45.738",1
87,1,"Wanda","Patterson","wanda.patterson@sakilacustomer.org",91,True,"2006-02-14","2013-05-26 14:49:45.738",1
339,2,"Walter","Perryman","walter.perryman@sakilacustomer.org",344,True,"2006-02-14","2013-05-26 14:49:45.738",1
35,2,"Virginia","Green","virginia.green@sakilacustomer.org",39,True,"2006-02-14","2013-05-26 14:49:45.738",1
244,2,"Viola","Hanson","viola.hanson@sakilacustomer.org",248,True,"2006-02-14","2013-05-26 14:49:45.738",1
414,1,"Vincent","Ralston","vincent.ralston@sakilacustomer.org",419,True,"2006-02-14","2013-05-26 14:49:45.738",1
116,1,"Victoria","Gibson","victoria.gibson@sakilacustomer.org",120,True,"2006-02-14","2013-05-26 14:49:45.738",1
496,2,"Tyler","Wren","tyler.wren@sakilacustomer.org",501,True,"2006-02-14","2013-05-26 14:49:45.738",1
589,1,"Tracy","Herrmann","tracy.herrmann@sakilacustomer.org",595,True,"2006-02-14","2013-05-26 14:49:45.738",1
209,2,"Tonya","Chapman","tonya.chapman@sakilacustomer.org",213,True,"2006-02-14","2013-05-26 14:49:45.738",1
386,1,"Todd","Tan","todd.tan@sakilacustomer.org",391,True,"2006-02-14","2013-05-26 14:49:45.738",1
325,1,"Timothy","Bunn","timothy.bunn@sakilacustomer.org",330,True,"2006-02-14","2013-05-26 14:49:45.738",1
110,2,"Tiffany","Jordan","tiffany.jordan@sakilacustomer.org",114,True,"2006-02-14","2013-05-26 14:49:45.738",1
72,2,"Theresa","Watson","theresa.watson@sakilacustomer.org",76,True,"2006-02-14","2013-05-26 14:49:45.738",1
253,1,"Terry","Carlson","terry.carlson@sakilacustomer.org",258,True,"2006-02-14","2013-05-26 14:49:45.738",1
595,1,"Terrence","Gunderson","terrence.gunderson@sakilacustomer.org",601,True,"2006-02-14","2013-05-26 14:49:45.738",1
203,1,"Tara","Ryan","tara.ryan@sakilacustomer.org",207,True,"2006-02-14","2013-05-26 14:49:45.738",1
229,1,"Tamara","Nguyen","tamara.nguyen@sakilacustomer.org",233,True,"2006-02-14","2013-05-26 14:49:45.738",1
8,2,"Susan","Wilson","susan.wilson@sakilacustomer.org",12,True,"2006-02-14","2013-05-26 14:49:45.738",1
572,1,"Sidney","Burleson","sidney.burleson@sakilacustomer.org",578,True,"2006-02-14","2013-05-26 14:49:45.738",1
27,2,"Shirley","Allen","shirley.allen@sakilacustomer.org",31,True,"2006-02-14","2013-05-26 14:49:45.738",1
390,1,"Shawn","Heaton","shawn.heaton@sakilacustomer.org",395,True,"2006-02-14","2013-05-26 14:49:45.738",1
20,2,"Sharon","Robinson","sharon.robinson@sakilacustomer.org",24,True,"2006-02-14","2013-05-26 14:49:45.738",1
123,2,"Shannon","Freeman","shannon.freeman@sakilacustomer.org",127,True,"2006-02-14","2013-05-26 14:49:45.738",1
590,2,"Seth","Hannon","seth.hannon@sakilacustomer.org",596,True,"2006-02-14","2013-05-26 14:49:45.738",1
16,2,"Sandra","Martin","sandra.martin@sakilacustomer.org",20,True,"2006-02-14","2013-05-26 14:49:45.738",0
177,2,"Samantha","Duncan","samantha.duncan@sakilacustomer.org",181,True,"2006-02-14","2013-05-26 14:49:45.738",1
380,1,"Russell","Brinson","russell.brinson@sakilacustomer.org",385,True,"2006-02-14","2013-05-26 14:49:45.738",1
90,2,"Ruby","Washington","ruby.washington@sakilacustomer.org",94,True,"2006-02-14","2013-05-26 14:49:45.738",1
301,2,"Robert","Baughman","robert.baughman@sakilacustomer.org",306,True,"2006-02-14","2013-05-26 14:49:45.738",1
437,2,"Randall","Neumann","randall.neumann@sakilacustomer.org",442,True,"2006-02-14","2013-05-26 14:49:45.738",1
262,2,"Patsy","Davidson","patsy.davidson@sakilacustomer.org",267,True,"2006-02-14","2013-05-26 14:49:45.738",1
2,1,"Patricia","Johnson","patricia.johnson@sakilacustomer.org",6,True,"2006-02-14","2013-05-26 14:49:45.738",1
68,1,"Nicole","Peterson","nicole.peterson@sakilacustomer.org",72,True,"2006-02-14","2013-05-26 14:49:45.738",1
549,1,"Nelson","Christenson","nelson.christenson@sakilacustomer.org",555,True,"2006-02-14","2013-05-26 14:49:45.738",1
406,1,"Nathan","Runyon","nathan.runyon@sakilacustomer.org",411,True,"2006-02-14","2013-05-26 14:49:45.738",0
445,1,"Micheal","Forman","micheal.forman@sakilacustomer.org",450,True,"2006-02-14","2013-05-26 14:49:45.738",1
302,1,"Michael","Silverman","michael.silverman@sakilacustomer.org",307,True,"2006-02-14","2013-05-26 14:49:45.738",1
422,1,"Melvin","Ellington","melvin.ellington@sakilacustomer.org",427,True,"2006-02-14","2013-05-26 14:49:45.738",1
252,2,"Mattie","Hoffman","mattie.hoffman@sakilacustomer.org",256,True,"2006-02-14","2013-05-26 14:49:45.738",1
323,2,"Matthew","Mahan","matthew.mahan@sakilacustomer.org",328,True,"2006-02-14","2013-05-26 14:49:45.738",1
539,1,"Mathew","Bolin","mathew.bolin@sakilacustomer.org",545,True,"2006-02-14","2013-05-26 14:49:45.738",1
583,1,"Marshall","Thorn","marshall.thorn@sakilacustomer.org",589,True,"2006-02-14","2013-05-26 14:49:45.738",1
236,1,"Marcia","Dean","marcia.dean@sakilacustomer.org",240,True,"2006-02-14","2013-05-26 14:49:45.738",1
11,2,"Lisa","Anderson","lisa.anderson@sakilacustomer.org",15,True,"2006-02-14","2013-05-26 14:49:45.738",1
98,1,"Lillian","Griffin","lillian.griffin@sakilacustomer.org",102,True,"2006-02-14","2013-05-26 14:49:45.738",1
478,1,"Lewis","Lyman","lewis.lyman@sakilacustomer.org",483,True,"2006-02-14","2013-05-26 14:49:45.738",1
143,1,"Leslie","Gordon","leslie.gordon@sakilacustomer.org",147,True,"2006-02-14","2013-05-26 14:49:45.738",1
281,2,"Leona","Obrien","leona.obrien@sakilacustomer.org",286,True,"2006-02-14","2013-05-26 14:49:45.738",1
259,2,"Lena","Jensen","lena.jensen@sakilacustomer.org",264,True,"2006-02-14","2013-05-26 14:49:45.738",1
361,2,"Lawrence","Lawton","lawrence.lawton@sakilacustomer.org",366,True,"2006-02-14","2013-05-26 14:49:45.738",1
162,2,"Lauren","Hudson","lauren.hudson@sakilacustomer.org",166,True,"2006-02-14","2013-05-26 14:49:45.738",1
543,1,"Lance","Pemberton","lance.pemberton@sakilacustomer.org",549,True,"2006-02-14","2013-05-26 14:49:45.738",1
214,1,"Kristin","Johnston","kristin.johnston@sakilacustomer.org",218,True,"2006-02-14","2013-05-26 14:49:45.738",1
315,2,"Kenneth","Gooden","kenneth.gooden@sakilacustomer.org",320,True,"2006-02-14","2013-05-26 14:49:45.738",0
82,1,"Kathryn","Coleman","kathryn.coleman@sakilacustomer.org",86,True,"2006-02-14","2013-05-26 14:49:45.738",1
13,2,"Karen","Jackson","karen.jackson@sakilacustomer.org",17,True,"2006-02-14","2013-05-26 14:49:45.738",1
135,2,"Juanita","Mason","juanita.mason@sakilacustomer.org",139,True,"2006-02-14","2013-05-26 14:49:45.738",1
395,2,"Johnny","Turpin","johnny.turpin@sakilacustomer.org",400,True,"2006-02-14","2013-05-26 14:49:45.738",1
147,2,"Joanne","Robertson","joanne.robertson@sakilacustomer.org",151,True,"2006-02-14","2013-05-26 14:49:45.738",1
558,1,"Jimmie","Eggleston","jimmie.eggleston@sakilacustomer.org",564,True,"2006-02-14","2013-05-26 14:49:45.738",0
337,1,"Jerry","Jordon","jerry.jordon@sakilacustomer.org",342,True,"2006-02-14","2013-05-26 14:49:45.738",1
464,1,"Jerome","Kenyon","jerome.kenyon@sakilacustomer.org",469,True,"2006-02-14","2013-05-26 14:49:45.738",1
416,2,"Jeffery","Pinson","jeffery.pinson@sakilacustomer.org",421,True,"2006-02-14","2013-05-26 14:49:45.738",1
200,2,"Jeanne","Lawson","jeanne.lawson@sakilacustomer.org",204,True,"2006-02-14","2013-05-26 14:49:45.738",1
299,2,"James","Gannon","james.gannon@sakilacustomer.org",304,True,"2006-02-14","2013-05-26 14:49:45.738",1
255,2,"Irma","Pearson","irma.pearson@sakilacustomer.org",260,True,"2006-02-14","2013-05-26 14:49:45.738",1
241,2,"Heidi","Larson","heidi.larson@sakilacustomer.org",245,True,"2006-02-14","2013-05-26 14:49:45.738",0
138,1,"Hazel","Warren","hazel.warren@sakilacustomer.org",142,True,"2006-02-14","2013-05-26 14:49:45.738",1
335,1,"Gregory","Mauldin","gregory.mauldin@sakilacustomer.org",340,True,"2006-02-14","2013-05-26 14:49:45.738",1
415,1,"Glenn","Pullen","glenn.pullen@sakilacustomer.org",420,True,"2006-02-14","2013-05-26 14:49:45.738",1
103,1,"Gladys","Hamilton","gladys.hamilton@sakilacustomer.org",107,True,"2006-02-14","2013-05-26 14:49:45.738",1
213,1,"Gina","Williamson","gina.williamson@sakilacustomer.org",217,True,"2006-02-14","2013-05-26 14:49:45.738",1
314,1,"George","Linton","george.linton@sakilacustomer.org",319,True,"2006-02-14","2013-05-26 14:49:45.738",1
498,1,"Gene","Sanborn","gene.sanborn@sakilacustomer.org",503,True,"2006-02-14","2013-05-26 14:49:45.738",1
597,1,"Freddie","Duggan","freddie.duggan@sakilacustomer.org",603,True,"2006-02-14","2013-05-26 14:49:45.738",1
514,2,"Franklin","Troutman","franklin.troutman@sakilacustomer.org",520,True,"2006-02-14","2013-05-26 14:49:45.738",1
283,1,"Felicia","Sutton","felicia.sutton@sakilacustomer.org",288,True,"2006-02-14","2013-05-26 14:49:45.738",1
57,2,"Evelyn","Morgan","evelyn.morgan@sakilacustomer.org",61,True,"2006-02-14","2013-05-26 14:49:45.738",1
160,2,"Erin","Dunn","erin.dunn@sakilacustomer.org",164,True,"2006-02-14","2013-05-26 14:49:45.738",1
529,2,"Erik","Guillen","erik.guillen@sakilacustomer.org",535,True,"2006-02-14","2013-05-26 14:49:45.738",1
126,1,"Ellen","Simpson","ellen.simpson@sakilacustomer.org",130,True,"2006-02-14","2013-05-26 14:49:45.738",1
5,1,"Elizabeth","Brown","elizabeth.brown@sakilacustomer.org",9,True,"2006-02-14","2013-05-26 14:49:45.738",1
434,1,"Eddie","Tomlin","eddie.tomlin@sakilacustomer.org",439,True,"2006-02-14","2013-05-26 14:49:45.738",1
17,1,"Donna","Thompson","donna.thompson@sakilacustomer.org",21,True,"2006-02-14","2013-05-26 14:49:45.738",1
313,2,"Donald","Mahon","donald.mahon@sakilacustomer.org",318,True,"2006-02-14","2013-05-26 14:49:45.738",1
279,2,"Dianne","Shelton","dianne.shelton@sakilacustomer.org",284,True,"2006-02-14","2013-05-26 14:49:45.738",1
338,1,"Dennis","Gilman","dennis.gilman@sakilacustomer.org",343,True,"2006-02-14","2013-05-26 14:49:45.738",1
222,2,"Delores","Hansen","delores.hansen@sakilacustomer.org",226,True,"2006-02-14","2013-05-26 14:49:45.738",1
39,1,"Debra","Nelson","debra.nelson@sakilacustomer.org",43,True,"2006-02-14","2013-05-26 14:49:45.738",1
105,1,"Dawn","Sullivan","dawn.sullivan@sakilacustomer.org",109,True,"2006-02-14","2013-05-26 14:49:45.738",1
527,1,"Cory","Meehan","cory.meehan@sakilacustomer.org",533,True,"2006-02-14","2013-05-26 14:49:45.738",1
227,1,"Colleen","Burton","colleen.burton@sakilacustomer.org",231,True,"2006-02-14","2013-05-26 14:49:45.738",1
544,2,"Cody","Nolen","cody.nolen@sakilacustomer.org",550,True,"2006-02-14","2013-05-26 14:49:45.738",1
248,1,"Caroline","Bowman","caroline.bowman@sakilacustomer.org",252,True,"2006-02-14","2013-05-26 14:49:45.738",1
379,1,"Carlos","Coughlin","carlos.coughlin@sakilacustomer.org",384,True,"2006-02-14","2013-05-26 14:49:45.738",1
400,2,"Bryan","Hardison","bryan.hardison@sakilacustomer.org",405,True,"2006-02-14","2013-05-26 14:49:45.738",1
318,1,"Brian","Wyman","brian.wyman@sakilacustomer.org",323,True,"2006-02-14","2013-05-26 14:49:45.738",1
371,1,"Billy","Poulin","billy.poulin@sakilacustomer.org",376,True,"2006-02-14","2013-05-26 14:49:45.738",1
278,2,"Billie","Horton","billie.horton@sakilacustomer.org",283,True,"2006-02-14","2013-05-26 14:49:45.738",1
457,2,"Bill","Gavin","bill.gavin@sakilacustomer.org",462,True,"2006-02-14","2013-05-26 14:49:45.738",1
199,2,"Beth","Franklin","beth.franklin@sakilacustomer.org",203,True,"2006-02-14","2013-05-26 14:49:45.738",1
221,1,"Bessie","Morrison","bessie.morrison@sakilacustomer.org",225,True,"2006-02-14","2013-05-26 14:49:45.738",1
156,1,"Bertha","Ferguson","bertha.ferguson@sakilacustomer.org",160,True,"2006-02-14","2013-05-26 14:49:45.738",1
599,2,"Austin","Cintron","austin.cintron@sakilacustomer.org",605,True,"2006-02-14","2013-05-26 14:49:45.738",1
63,1,"Ashley","Richardson","ashley.richardson@sakilacustomer.org",67,True,"2006-02-14","2013-05-26 14:49:45.738",1
175,1,"Annette","Olson","annette.olson@sakilacustomer.org",179,True,"2006-02-14","2013-05-26 14:49:45.738",1
582,2,"Andy","Vanhorn","andy.vanhorn@sakilacustomer.org",588,True,"2006-02-14","2013-05-26 14:49:45.738",1
81,1,"Andrea","Henderson","andrea.henderson@sakilacustomer.org",85,True,"2006-02-14","2013-05-26 14:49:45.738",1
139,1,"Amber","Dixon","amber.dixon@sakilacustomer.org",143,True,"2006-02-14","2013-05-26 14:49:45.738",1
196,1,"Alma","Austin","alma.austin@sakilacustomer.org",200,True,"2006-02-14","2013-05-26 14:49:45.738",1
389,1,"Alan","Kahn","alan.kahn@sakilacustomer.org",394,True,"2006-02-14","2013-05-26 14:49:45.738",1
